country,avg_yield_t_per_ha_last5y
Argentina,2.6876
Bolivia,1.1592
Brazil,2.1044
Chile,1.0
Colombia,2.559
Ecuador,1.7554000000000003
Mexico,4.2574
Paraguay,3.9397999999999995
Peru,3.9335999999999998
Uruguay,1.5501999999999998
