country,avg_emiss_mt_per_usdB_last5y
Argentina,0.6234191414077451
Bolivia,0.9490817768052047
Brazil,0.678438477727773
Chile,0.5703279031842192
Colombia,0.9661995299026861
Ecuador,1.0542794315961825
Mexico,0.9758994479718368
Paraguay,0.6690509798609374
Peru,0.7644135394231922
Uruguay,0.5888701396808493
