country,avg_water_prod_kg_per_mm_last5y
Argentina,3.1171203048038723
Bolivia,1.2975568879484984
Brazil,1.2564096817140658
Chile,3.5907988379054077
Colombia,1.2777537838098607
Ecuador,0.7894497286164539
Mexico,6.845359817538639
Paraguay,2.77426122848967
Peru,2.9770984403628136
Uruguay,1.3883966994228132
